{"07MFO985":6.930240194805851,"27QAS354":0.0033173894093949348}