{"67RLK626":0.0,"82WOA191":0.0,"63TZM306":0.302438382985376,"60HIL183":0.0,"06LTC910":0.0,"28YWH646":0.0,"43QZA094":0.6258056640160498,"00YZW843":0.0,"41XZB211":0.0,"00SDV870":5.809535728767514e-7,"66DID824":2.2589853921833709,"87SRT570":0.0,"84WRL880":0.0,"81PSY454":0.00920257275670767,"06MGN797":0.0,"69VNY996":0.0,"88SEQ678":0.0,"29LKX498":0.8978877814816194,"41NTK903":0.0,"88OJO579":0.0,"41DLF810":0.009788716769857093,"84ZGE690":0.2642156662796715,"04WEX411":0.0,"82YWS887":0.0096523945464883,"MVD 174 ":5.641234515104036,"82WUZ423":0.0,"08DLM303":0.0,"68QEA263":0.5251687144022139,"67XXN393":0.0,"09VYS801":0.0,"03NZA737":0.09860045397111027,"60PRO476":0.0,"27BYL412":3.509983909755694,"64GBC095":0.5199892646777411,"TCN 325 ":2.667773796488472,"45HET648":1.072077176749538,"21ICV604":0.0,"26IUX372":0.39894262463062898,"09RBW777":0.0,"07QLQ437":0.0,"69LEG523":0.0,"46KUL510":0.0,"OVC 889 ":15.089041916425268,"01JZT719":0.000002337787192318493,"84STJ848":0.0,"61IUU202":0.24326062089465548,"62DHF378":0.0,"21KDW413":0.0,"22YYN339":0.0,"65WDS559":0.0,"64NXA196":0.0,"42KEQ561":0.513300138261589,"04KIE783":0.6829019291764508,"28NGM489":3.651394601049704,"84PDW579":0.0,"06UUM195":0.4876851012936884,"45UPL426":0.0,"45AAW584":0.0,"XUB 880 ":10.408519051117267,"45DJU974":0.0,"62ANM953":5.44075069301747,"00NTH256":0.0,"46JOA741":0.0,"03UFF760":0.0,"42FVP504":0.0,"86UQH634":0.0,"21CPA190":0.0,"63SUA198":4.412363417709892,"28AVC712":0.0,"06IDJ660":1.8330764973318866,"63OIE652":0.25273770950929816,"64QGB982":0.0,"41ZFT604":2.1621524509987317,"RHL 123 ":5.888497419779516,"80UPJ972":0.0,"86XFM348":0.001805826049089432,"67PMO878":0.0,"67JWK156":0.000003165863351896405,"25PMP860":0.518049065424962,"61JFE947":0.0,"60OKD565":0.0,"EYT 295 ":1.292022318543402,"45HMD455":0.0,"23QZJ747":0.0,"40YCX971":5.060698579854059,"GUD 704 ":0.5780297021375286,"04QQF930":0.0,"02HOS150":0.009820900615744297,"84WPE542":0.0,"SBS 371 ":0.7273053735682461,"23PND880":0.4038907440887857,"03HOT267":0.0,"68ETL259":0.6098897535007218,"60ION272":0.4708413788676951,"05KTF314":0.0,"20ZMI172":2.5415961759552618,"67FQZ957":0.0,"64AMS463":0.0,"49HMX584":0.0,"89FGE609":0.0,"66JYZ265":0.0,"07PGD471":0.14493252579845365,"26YMY170":0.11157547728396589,"86RPD120":0.0,"65XAK141":8.072932377776889,"86HRB353":0.0,"40JRS556":1.9787497340419092,"09MBQ129":0.6055740883145706,"89YFG805":0.09217091302172678,"23WNM258":0.05635479876541072,"62WOU082":0.0,"27ORQ038":0.0,"21PIX336":0.0,"65HAC936":0.0,"04ADZ193":0.4428883924550414,"87UWP790":0.0,"24MNM760":0.0,"24DNF280":0.06414033679121734,"64OMS024":0.0010089893278554079,"88ITK067":0.2586484000654146,"67XYI840":0.0,"40MDM390":0.6375076892103336,"44LRM855":0.19378814041146265,"00LXS148":0.0,"82GXQ779":0.0,"26OEQ583":0.0,"83HYA895":0.287626568334418,"87LMD569":0.0,"08TIV356":2.1850802733518406,"81FUO499":0.0,"04YSS925":6.204712817676014,"02PFO807":0.0,"04WIO677":1.2611134274299088,"60FFP069":0.3059362400651814,"48EWN821":0.06288524164700676,"69NOS078":0.0,"25WOW945":0.0,"20IPU259":2.5067764533327416,"86DPX288":0.0,"41NMT861":0.7873477200046678,"89JMS812":0.0,"26BDU384":3.6131684407501716,"85VKM852":0.0,"45KOE817":0.0,"47AGD496":0.0,"24MPE733":0.0,"00COX090":3.1546503024090688,"26PXT769":0.0,"61QKE171":0.4605909664187839,"64QGV081":0.000010119505237787965,"64KEI259":0.0,"03HKC549":0.000005182095196098089,"07LPJ991":0.0,"84UHK562":0.5372537062387491,"42POE303":0.022674074064016334,"22UGD282":1.981482655425266,"83XEU703":0.0,"27IME021":7.779605113999599,"80VQV827":0.2302311725438528,"66BPM325":0.0,"04FHI990":0.3661947768049152,"63ZFR168":0.04171537715744597,"62VAT368":0.01402667993895337,"07EJH261":1.0298001746695898,"02JGI550":1.565657666636288,"48SYG912":0.0,"82IKB130":0.10613749372583628,"00IXH998":0.005750167286527343,"09FZJ717":0.033310581789573388,"65OWI548":0.0,"00UAE183":0.0,"02WEE451":0.05982627658510211,"CLT 740 ":2.198341851773911,"20UNC534":0.0,"87KAR854":1.0058442008173108,"04EMM786":0.0,"05NNN923":0.0,"44BCO216":0.0,"63MTJ674":0.0,"24KIW779":0.015853850614333525,"89IRU857":0.18032317405878937,"00UUB651":0.0,"42GWK307":1.3522431195116667,"05MAN838":0.0,"82GHO935":1.9612463917980212,"84YGG082":0.0,"AMO 229 ":1.8671865249630964,"89ERL538":0.0,"06IPE650":0.5775485129762279,"05DSG173":0.0,"24YQT223":4.931077228923155,"22ZKT497":0.0,"44UMU266":0.0,"40WMC766":0.0,"64OPT506":2.764336168739064,"09BLY336":0.0,"21FXX875":0.0,"66MIM709":0.0,"05DTN111":8.593120058514853,"06DHX123":0.0,"21BGL493":0.0,"66SBX027":0.000005909343626350165,"44BUB196":0.38362882293843167,"26UWA638":0.0,"40PNB097":0.0012703999528214338,"29EDX471":0.0,"80URS122":0.0,"68PFX558":6.222356138846485,"06FOA548":2.436043244255918,"47TVK894":0.0,"63UXV940":0.0,"05STN782":2.283641358698469,"62DXV029":1.293447231418056,"49MDL782":0.0,"83AVW288":0.0,"46MJB922":0.021663408010737404,"24NFG392":0.060721141755279147,"63KNV499":0.2783789877332771,"83NBM679":0.027859084777009693,"00PVD050":0.0,"00JMQ559":0.0,"41GKP254":0.0,"48SGL333":0.0,"69HYS315":0.003319131550429388,"42QQS456":0.0,"62RVN931":0.0,"08RNX750":0.0,"23OSR489":1.5269246842661318,"87JTL233":0.0,"84GAP109":0.0,"04LYB557":0.33634487088623646,"YIK 408 ":1.034054766116703,"63QKU468":0.000002770113453269006,"26OQH858":0.00919469037870504,"08OHJ847":0.0,"84HUZ101":0.02508047760688888,"WQG 874 ":11.98827490400531,"83MVV350":0.06810403669773643,"48WHZ227":0.0,"03VYT649":0.00003432178092934192,"25YDQ332":0.5206135884685258,"27AMR870":0.0,"86HLW187":0.0,"43WNN528":1.0571574797614612,"87PRK263":1.5830127737522176,"00QUN603":0.000007511338046751916,"49RFU037":0.0,"FAY 879 ":0.93996156593601,"08SKZ498":0.0,"09IPW086":0.4112954987812039,"63PAP774":0.0,"QPM 096 ":13.026436490566605,"09IGS622":0.0000021763096265494829,"24VDD860":0.0,"02VFU707":0.0,"68IRR209":0.011447439276667309,"HTR 408 ":3.151215055360031,"48HSM368":0.0070648127328995619,"41OII950":0.0000054701797384768729,"26GGR514":0.0,"49LQL777":0.0,"06PAW250":0.0,"87CCE715":0.0,"07KGZ660":3.039202476732759,"60SPV393":7.03272904965291,"88PLW551":0.002450792468567379,"40IMZ539":0.0,"07WCM047":0.6130927654105093,"41MXB521":0.0,"66GIV285":0.0,"24OAE267":0.0,"00YTV641":0.0,"00JCU204":0.0,"26FSO890":0.0,"01BMH774":0.0,"89MVS075":6.7013271037928139,"40NTQ660":0.000005755080064292997,"28NYE375":6.531229059428307,"85BOK951":0.6693098901798399,"UCW 514 ":0.5705946855967746,"61XYS335":0.0,"69AQR777":0.0,"82NLK386":0.0,"YFZ 776 ":18.21140415271405,"48OUP463":0.0,"42SPK118":0.0,"09MLV750":0.0,"45MBT519":0.0,"23NYI246":0.06020031910111712,"64HPZ737":0.0,"02KLF344":0.011465188844698485,"08SOX311":0.0,"80WBF420":0.0,"69FYX311":0.0,"48QWZ880":0.0,"41XSN974":0.005387657943220809,"45HRY406":0.0,"28LSR848":0.01482424180292711,"02CEY142":0.0,"60MKG836":2.4201124362034625,"00JBC316":0.0,"85BCQ675":0.000029637847278267144,"00WMY559":0.0,"84VXT144":0.0,"45ORX036":0.02198120218161307,"87VEA391":0.0,"81STO609":1.0932583717092446,"IOQ 272 ":1.8499935406462409,"47JQI420":0.4446034398062607,"02KCV600":1.7084958478541433,"46HWF142":0.0,"48RIN046":0.0,"43HPT060":0.0,"23UCS189":0.0,"23BVS458":0.0,"06XRT610":0.0,"29BXL851":0.0,"22BYQ776":0.1480932848348467,"40HAM655":0.0,"25SJY727":0.0,"HCA 671 ":3.3385741841847897,"64UYV622":0.0,"61TRH937":0.0,"05DOY517":0.0,"69RRF166":0.0,"67PPW720":0.0,"84CSM782":0.11044357825593744,"49QPL676":2.890432965467052,"01MAU548":0.32388744295333296,"04JSP349":0.0000019843945679749604,"44NNE712":0.0,"67GVP429":0.0,"81TBF852":0.0,"45CXC200":0.0,"28UFD004":0.0,"60OBQ301":0.0,"86YAW822":0.11881829796945068,"29FAB881":0.4412512963898162,"64CAQ719":0.8637826969317058,"06LFK930":0.16864546572749768,"64FJF758":0.0006937635732404885,"87SHU147":0.014504105259077626,"65NEY933":0.08941497763045787,"PZK 559 ":0.5093172537167743,"64NQO793":0.12387350303221874,"25WWH706":0.002799001525204628,"07XHX793":0.0,"83NOJ674":0.0,"GCREW001":22.88909294020356,"68NLK061":0.0,"88VDC338":0.851327746496849,"47QCP041":0.0,"01AOU666":3.277005372592126,"02EBG123":0.0,"JIF 071 ":0.406194925983557,"03NOK781":0.8635820384478149,