{"87JWS366":0.24952815610758784,"26DZR155":0.0019296884219404316,"84HLG023":0.07027941855406946,"60KUO316":4.416665168223807,"22HHA618":0.49148622963397289,"65UPU102":0.008905360302971675,"68TLL202":0.23109507513257089,"01BPG871":0.5874234937589784,"80PNZ862":0.17312360295120264,"09SOO343":0.2005816753502636,"41XBP109":0.21222456268022669,"03JDK550":0.007814400267809628,"27QAS354":0.0033173894093949348,"TUMADRE ":0.09604088839567832,"80AQU414":0.000003655970762483776,"43VKI985":0.0010915311685502532,"22NDN967":0.010169806666955349,"84XZP277":1.0749144117657046,"07MFO985":6.930240194805851,"63YER507":0.013840408242914828,"27CCG316":0.012423094662297518,"87KBO059":0.8074255888974949,"84GRX394":0.00003965007340908051,"84VOK250":0.8525070285761959,"66SJY129":0.2614529150024335,"42DOK345":0.04088151598468913,"23VZP306":0.6986630685273496,"25AHL305":1.212827595508357,"84ACW127":2.059567467413269,"41NUZ027":0.2980143549032111,"08CQL391":0.0541282285139412,"05AOA347":0.15206987476245729,"86VBI866":0.002374188577893657,"41WXK504":0.39716055565122296,"01ZCA013":2.5572026053712184,"61XDB718":0.10493419148798938}