{"26DZR155":0.0019296884219404316,"41NUZ027":0.2980143549032111,"27QAS354":0.0033173894093949348,"63YER507":0.013840408242914828,"07MFO985":6.930240194805851}