{"85VKM852":0.0,"84VXT144":0.0,"26OQH858":0.00919469037870504,"60OBQ301":0.0,"80WBF420":0.0,"MVD 174 ":5.641234515104036,"48QWZ880":0.0,"05DSG173":0.0,"28NYE375":6.531229059428307,"42QQS456":0.0,"82BXS319":0.0,"47QCP041":0.0,"27DRT614":1.3125512268831752,"48RIN046":0.0,"HTR 408 ":3.151215055360031,"67GVP429":0.0,"23QZJ747":0.0,"21BGL493":0.0,"84CSM782":0.11044357825593744,"KDZ 444 ":3.0579999530462085,"89JMS812":0.0,"86NAC764":0.0,"83AVW288":0.0,"60CXP369":0.0,"87JTL233":0.0,"63PAP774":0.0,"21ICV604":0.0,"20ZMI172":2.5415961759552618,"40IMZ539":0.0,"63QKU468":0.000002770113453269006,"04QQF930":0.0,"82YWS887":0.0096523945464883,"21JZY245":1.6882474533054784,"23UCS189":0.0,"86RSK254":0.1719256161971241,"62DHF378":0.0,"64UYV622":0.0,"00SDV870":5.809535728767514e-7,"63SUA198":4.412363417709892,"68IRR209":0.011447439276667308,"29KWF512":0.00003012752562761307,"65BSS669":0.6436001908879796,"PZK 559 ":0.5093172537167743,"QPM 096 ":13.026436490566605,"47LLC593":1.4215890686665305,"04VTT462":6.512637778348051,"63FSX693":0.9614035265337092,"26BDU384":3.6131684407501716,"07WCM047":0.6130927654105093,"23BVS458":0.0,"07OFW182":0.4418286257572287,"86YAW822":0.11881829796945068,"21PIX336":0.0,"04KIE783":0.6829019291764508,"66BPM325":0.0,"41MXB521":0.0,"80UQG267":1.0630601391475248,"25BEV654":0.03196247068697122,"27PQY682":4.4699459312973579,"08RNX750":0.0,"SBS 371 ":0.7273053735682461,"00UUB651":0.0,"25YDQ332":0.5206135884685258,"87PRK263":1.5830127737522176,"24NFG392":0.060721141755279147,"49WCI644":0.5748780496485837,"40WMC766":0.0,"63MTJ674":0.0,"00QUN603":0.000007511338046751916,"08TIV356":2.185080273351841,"25WOW945":0.0,"04EMM786":0.0,"87SHU147":0.014504105259077626,"01AOU666":3.277005372592126,"49CPC229":6.3991799672545179,"43WPW436":0.0,"20HEG949":0.5911247464676512,"26PXT769":0.0,"49MDL782":0.0,"69RRF166":0.0,"00PVD050":0.0,"69AQR777":0.0,"03SWT919":0.31979480399017426,"82NLK386":0.0,"24KIW779":0.015853850614333525,"40FWL732":0.1814430880527956,"61OBN068":0.0,"45KOE817":0.0,"66GIV285":0.0,"87LMD569":0.0,"21KDW413":0.0,"25XAI561":0.0,"24MPE733":0.0,"EYT 295 ":1.292022318543402,"48SGL333":0.0,"04WEX411":0.0,"84UKV119":0.000004065790085121989,"23OSR489":1.5269246842661318,"02EBG123":0.0,"22ESF065":0.03391805323431499,"66JYZ265":0.0,"08OLA021":0.00008896799325942994,"89FGE609":0.0,"82WUZ423":0.0,"86DPX288":0.0,"29EDX471":0.0,"09HNF209":0.6519485520760819,"65BUI858":0.0,"01FDV132":0.0,"00WMY559":0.0,"09MBQ129":0.6055740883145706,"05NNN923":0.0,"86YBM370":0.0,"GCREW001":22.88909294020356,"44UMU266":0.0,"49LQL777":0.0,"IOQ 272 ":1.8499935406462409,"46AWB709":0.0,"67RLK626":0.0,"24VDD860":0.0,"66MIM709":0.0,"47AGD496":0.0,"63LZE960":0.3971316997192325,"68QEA263":0.5251687144022139,"87GIP914":0.0316519350697249,"07YGD403":0.92474372816222,"84UHK562":0.5372537062387491,"29JOQ172":0.0,"27AMR870":0.0,"86HRB353":0.0,"63TZM306":0.302438382985376,"40WYP231":0.2425099505651969,"86HLW187":0.0,"HCA 671 ":3.3385741841847897,"48HSM368":0.0070648127328995619,"60URR339":0.35831140261019,"06XRT610":0.0,"02TVM369":0.0,"46KUL510":0.0,"21CWX110":7.555514993146061e-7,"40HAM655":0.0,"89ERL538":0.0,"45CXC200":0.0,"24OAE267":0.0,"40OZT406":0.0,"07PGD471":0.14493252579845365,"03HOT267":0.0,"02CEY142":0.0,"00LXS148":0.0,"HMH 603 ":0.41547892794931337,"25WWH706":0.002799001525204628,"89DKA169":0.0,"49QPL676":2.890432965467052,"86RPD120":0.0,"28AVC712":0.0,"82OUX746":1.707430613735459,"64AMS463":0.0,"63LCH898":0.1463789152126626,"01BMH774":0.0,"62BAV214":0.0,"81STO609":1.0932583717092446,"84HUZ101":0.02508047760688888,"87VEA391":0.0,"04WIO677":1.2611134274299088,"23NYI246":0.06020031910111712,"67PPW720":0.0,"23PND880":0.4038907440887857,"89IRU857":0.18032317405878937,"26YMY170":0.11157547728396589,"61QKE171":0.4605909664187839,"67XXN393":0.0,"47TVK894":0.0,"48WGA391":0.8760800005123817,"22YYN339":0.0,"85BCQ675":0.000029637847278267144,"65HAC936":0.0,"44BCO216":0.0,"00NTH256":0.0,"08OHJ847":0.0,"83NOJ674":0.0,"26NMB756":0.0,"20KXV554":0.0,"FAY 879 ":0.93996156593601,"83NBM679":0.027859084777009693,"41HQR319":0.0,"83HYA895":0.287626568334418,"88VDC338":0.851327746496849,"48PMG891":0.29546152147318818,"08DLM303":0.0,"63GSR920":1.379345001299361,"63OIE652":0.25273770950929816,"64NXA196":0.0,"83XEU703":0.0,"46JJM705":0.3301706848312603,"02VFU707":0.0,"26IUX372":0.39894262463062898,"06IDJ660":1.8330764973318866,"87CCE715":0.0,"05ZDI401":0.0,"60FFP069":0.3059362400651814,"00COX090":3.1546503024090688,"86XFM348":0.001805826049089432,"80URS122":0.0,"08BZO054":1.02340404558391,"84WPE542":0.0,"46JOA741":0.0,"61JFE947":0.0,"64NQO793":0.12387350303221874,"00JCU204":0.0,"81FUO499":0.0,"68PFX558":6.222356138846485,"63ZFR168":0.04171537715744597,"69YDN049":0.0,"20TVW284":5.147295694308866,"26UWA638":0.0,"20IPU259":2.5067764533327416,"45DJU974":0.0,"05KTF314":0.0,"43CTR950":0.08875679296352246,"ISQ 432 ":0.600340806876369,"00YUQ308":0.00003629349840804936,"45HET648":1.072077176749538,"45ORX036":0.02198120218161307,"06LTC910":0.0,"62RVN931":0.0,"40FVU508":0.0,"43QZA094":0.6258056640160498,"45UPL426":0.0,"01TOL400":0.0,"44GIL906":0.0,"09BNS489":0.06207483386147884,"45HRY406":0.0,"47GNR712":0.1985104472913011,"80UPJ972":0.0,"27CAA334":0.2360965520377121,"64OMS024":0.001008989327855408,"05MAN838":0.0,"49HMX584":0.0,"09IPW086":0.4112954987812039,"22EQY627":1.2181532852966466,"44NNE712":0.0,"00UAE183":0.0,"44LRM855":0.19378814041146265,"63MVN941":0.0,"41OII950":0.0000054701797384768729,"43PWL543":0.6214417814788876,"09VYS801":0.0,"24NKA244":0.0,"87SRT570":0.0,"41XSN974":0.005387657943220809,"04YSS925":6.204712817676014,"28NGM489":3.651394601049704,"66SBX027":0.000005909343626350165,"24YQT223":4.931077228923155,"69VNY996":0.0,"64GBC095":0.5199892646777411,"41DLF810":0.009788716769857093,"05PJE695":0.28446103336550018,"86FXA604":8.67123524574257,"65WDS559":0.0,"06DHX123":0.0,"UCW 514 ":0.5705946855967746,"89AYV836":9.920169543474914e-7,"64CAQ719":0.8637826969317058,"40MDM390":0.6375076892103336,"40JRS556":1.9787497340419092,"63KNV499":0.2783789877332771,"00JMQ559":0.0,"04JSP349":0.0000019843945679749604,"49ZXJ855":0.466261454560434,"89MVS075":6.7013271037928139,"60ION272":0.4708413788676951,"04FHI990":0.3661947768049152,"86XCJ675":0.0,"80VQV827":0.2302311725438528,"YIK 408 ":1.034054766116703,"42KEQ561":0.513300138261589,"63NRC731":0.0,"61TRH937":0.0,"27BYL412":3.509983909755694,"86UQH634":0.0,"48OUP463":0.0,"46HWF142":0.0,"68NLK061":0.0,"80UAY072":0.0,"43WNN528":1.0571574797614612,"88KUH252":0.012436294507831337,"07DRS133":5.845906681391486,"84WRL880":0.0,"02KLF344":0.011465188844698485,"22BYQ776":0.1480932848348467,"62VAT368":0.01402667993895337,"41GKP254":0.0,"49RFU037":0.0,"88OJO579":0.0,"04SKI890":0.20096551553852153,"06MGN797":0.0,"82WOA191":0.0,"01JZT719":0.000002337787192318493,"00IXH998":0.005750167286527343,"62DXV029":1.293447231418056,"22ZKT497":0.0,"65NEY933":0.08941497763045787,"TTT 935 ":0.3918652637667303,"02KCV600":1.7084958478541433,"48SYG912":0.0,"60MKG836":2.4201124362034625,"09YVL835":0.0,"06LFK930":0.16864546572749768,"GUD 704 ":0.5780297021375286,"07RDY866":0.4017416997066054,"88ITK067":0.2586484000654146,"29FAB881":0.4412512963898162,"23WNM258":0.05635479876541072,"60URK932":0.07681426697453857,"07AGO419":0.000004259886000305414,"43HPT060":0.0,"41XZB211":0.0,"25SJY727":0.0,"25PMP860":0.518049065424962,"41ZFT604":2.1621524509987317,"67PMO878":0.0,"87UWP790":0.0,"69JJG378":0.0,"85BOK951":0.6693098901798399,"84ZGE690":0.2642156662796715,"65FPL611":0.00002588174905814232,"62WOU082":0.0,"02JGI550":1.565657666636288,"09MLV750":0.0,"65XAK141":8.072932377776889,"67FQZ957":0.0,"47JQI420":0.4446034398062607,"00YTV641":0.0,"88SEQ678":0.0,"64HPZ737":0.0,"06UUM195":0.4876851012936884,"62ANM953":5.44075069301747,"05DOY517":0.0,"67JWK156":0.000003165863351896405,"03VYT649":0.00003432178092934192,"21CPA190":0.0,"23SYQ607":0.36276883683692426,"81PSY454":0.00920257275670767,"07EJH261":1.0298001746695898,"61XKE701":0.8728095513631907,"05DTN111":8.593120058514853,"AMO 229 ":1.8671865249630964,