{"66SJY129":0.2614529150024335,"84HLG023":0.07027941855406946,"84GRX394":0.00003965007340908051,"41XBP109":0.21222456268022669,"27CCG316":0.012423094662297518,"09SOO343":0.2005816753502636,"PNB 133 ":1.2969367867420286,"43VKI985":0.0010915311685502532,"08CQL391":0.0541282285139412,"22HHA618":0.49148622963397289,"87JWS366":0.24952815610758784,"41NUZ027":0.2980143549032111,"60KUO316":4.416665168223807,"07MFO985":6.930240194805851,"43EFD626":2.8317352672492626,"60GHC803":1.4908751313182769,"65UPU102":0.008905360302971675,"80PNZ862":0.17312360295120264,"61XDB718":0.10493419148798938,"68THV753":0.018040167550653228,"03JDK550":0.007814400267809628,"24ILU876":0.0301810421947455,"63PUP188":0.41619046074677448,"28CHQ893":0.02798009023281745,"04UUN952":0.4053587220193706,"TUMADRE ":0.09604088839567832,"88KKQ746":0.022297973814901879,"20KMK301":0.08798651399907108,"COV 520 ":0.0648200182228452,"26DZR155":0.0019296884219404316,"87KBO059":0.8074255888974949,"23VZP306":0.6986630685273496,"68TLL202":0.23109507513257089,"01BPG871":0.5874234937589784,"84XZP277":1.0749144117657046,"27QAS354":0.0033173894093949348,"84VOK250":0.8525070285761959,"80AQU414":0.000003655970762483776,"42DOK345":0.04088151598468913,"01ZCA013":2.5572026053712184,"63YER507":0.013840408242914828,"41WXK504":0.39716055565122296,"21ODJ862":1.9833305679064444,"05AOA347":0.15206987476245729,"86VBI866":0.002374188577893657,"84ACW127":2.059567467413269,"22NDN967":0.010169806666955349,"25AHL305":1.212827595508357,"RHL 123 ":1.6324709768596378}