{"69LIY696":13.610198455909984,"WAL12628":8.339644373842477,"03MRK342":0.014960289440831637,"41XBP109":0.21222456268022669,"06PES017":1.1386921901488064,"84AAV870":0.3260713933606167,"82NZC586":1.332153558451664,"02XUA434":0.0,"63JDB628":0.00304691883152537,"47LEF363":0.0000221941184643656,"00QNT166":3.329067197925075,"21HMN858":0.8690662004903149,"67DXC070":2.0685742632485929e-7,"81KVV911":1.9302326649559732,"66SJY129":0.2614529150024335,"20YON548":3.697242101188749e-7,"01EZT277":0.02266259475918487,"84TVX100":0.2176334661446548,"44TQC832":0.013754052437994626,"25AHL305":1.212827595508357,"23BRA703":5.956484692501375,"61ODY318":0.17787996492362058,"88KKQ746":0.02229797381490188,"24LTV854":0.5545433927646424,"84JNW608":0.36720384047929058,"21OWP536":1.7900667835964928,"81ZDV870":0.3858420098617387,"85JIA386":0.000002019006919115782,"05AOA347":0.15206987476245729,"84FGJ063":1.0426683662160004,"41NUZ027":0.2980143549032111,"21VOY632":0.318443132820225,"07MFO985":6.930240194805851,"08VOA858":0.10644547282260844,"20RYV301":0.44872586724140298,"41VQV952":0.009119968089731408,"WAL29259":0.4040360063095834,"28ZCB626":0.012969203695778736,"47DMO265":0.0000179944928381592,"87KBO059":0.8074255888974949,"83KGJ064":0.18375339745095568,"68LJX051":0.455961130533426,"43ZJI873":0.17916709343806118,"65HAC936":7.936634178733154,"46KVA871":1.69073630970835,"05ORM412":0.006058840042096563,"87IQF520":3.0161117498694285,"43VKI985":0.0010915311685502532,"44WWW899":0.02107525995090232,"06XVJ822":1.3265046650144586,"20NOW862":0.9171199034026925,"86VAO946":0.6230882786580788,"01SSE127":0.2088631898798376,"46ZBJ574":0.000005253812402486801,"66AOU341":3.057412407360971e-7,"00PWP770":0.0000018145999945700172,"43LFG721":0.15833223947248413,"06PKP067":0.0,"66ESW601":0.5864918326784613,"68TLL202":0.23109507513257089,"PMR 798 ":0.8553662897221934,"48BJC060":6.966176815330982e-7,"63FPQ369":7.591913882642983e-7,"45WHC558":0.4795360930078795,"66OXE085":0.03428405955859646,"08UCM482":0.2854273663408533,"22NDN967":0.010169806666955349,"87LWJ219":0.8732944801407114,"03KYA295":0.487285238604136,"88VPT615":1.5414833351876177,"00WWS587":0.0,"87MND120":0.3105400030833662,"49AKR011":0.4398126815452719,"41WXK504":0.39716055565122296,"26CRQ368":0.0000017332565062679348,"84HFJ772":3.671810936251572,"63XCB157":0.4307606405594875,"67VIS440":0.00001539098840206862,"TUMADRE ":0.09604088839567832,"02OTF957":0.00545532424208522,"21INC933":0.000012840522922575476,"DST 291 ":1.3851657384770049,"63LCH898":0.6796098371070499,"06UFV815":0.028520038156169697,"68VQZ225":1.0135863767142857,"66PLF798":0.5860510775424271,"85SUW097":0.09221342763555464,"23NBV342":0.03203683075067072,"48RBB734":0.0000032675384916365154,"02IAA251":0.0,"85WTZ334":0.3127599883530208,"20RMY020":0.0,"83EXW381":0.0,"08CQL391":0.0541282285139412,"04ZIH359":0.000697103639105335,"67YSI553":0.00006225695023220032,"01FDV132":0.3271750439367974,"08XCE276":0.0,"85TSV030":0.0005692399655878544,"05UHQ135":0.2692565354473395,"WAL60377":1.192764733205593,"83NOH375":0.5857358321887678,"20THW706":0.25365095067898377,"27CCG316":0.012423094662297518,"TRABAJO3":0.4911934836827192,"20JJD778":0.0,"27FXT590":0.003759654044520109,"84XZP277":1.0749144117657046,"45VMH398":0.00004809004120901227,"00KMC190":0.04748334660853147,"60BWG593":0.5592913258963889,"44ZYM044":0.01834003636666994,"65RPG484":0.0,"46VPG220":0.3702714320641106,"26MQK854":2.759412640535693,"05WFI805":0.0,"06BXH917":0.511247655095101,"20KMK301":0.08798651399907108,"83GFX487":0.0,"85XNX409":0.00002248505705595017,"08PLZ754":4.776952163621556,"JPI 653 ":0.2074758695871402,"80YZV574":0.31297082911085685,"84HGX502":7.284117666178415,"GCREW001":35.65745399286002,"05TVH272":0.001990848598569632,"25ZHU881":0.2709016758005,"20MRX818":0.00015476046685874463,"47HRU366":0.0,"63GOY924":0.008752157282120553,"65UPU102":0.008905360302971675,"03PVQ981":0.000015076467658393084,"03JDK550":0.007814400267809628,"80IHB945":0.6278617891209725,"01HUD527":0.0000022311994079500437,"25FUL110":0.000001417868994176388,"FARM3352":0.09900878637167428,"44PMN527":0.693410357534247,"64QQU207":0.7225105504611005,"68THV753":0.018040167550653228,"01DWU915":0.019966274205621336,"26JPM422":0.008001894558238791,"43GLP495":0.6383580822347263,"21ODJ862":1.9833305679064444,"03APK213":0.02195023139122221,"25GDR917":0.21053906311694169,"85BNR736":0.3185078709506447,"82JAF199":0.09764500120717192,"86AJO739":0.5204586343861798,"26HCG904":0.01158688158380986,"26LXN727":7.203167849220335e-7,"WAL35565":0.3283109229163431,"26DZR155":0.0019296884219404316,"83JFJ401":1.9170981934390808,"88WHH475":0.00002018185475841165,"04UUN952":0.4053587220193706,"29IFY831":0.00001886163868010044,"24RTP659":0.6805195165273886,"28XXZ138":0.7175698769358001,"61DBW705":0.0005971845582481473,"24ILU876":0.0301810421947455,"69EVZ614":0.008967771183785048,"82DRB295":0.000003686529066413641,"40NWP788":0.965563135609146,"49ZCT896":0.20729156744672554,"60GHC803":1.4908751313182769,"46NBO356":0.3187420289550768,"85NMQ698":0.4766408644093915,"68ZUP637":0.000008246836384758356,"40YFP728":0.2033348753999547,"04CBZ085":0.0000011797192390076817,"07NAG432":0.0,"46BTE340":0.0,"68UWP192":0.008784981026122347,"63DKX901":0.6240052512836698,"09WXF250":0.047801785755975417,"47OHA562":0.0,"02OKB671":0.03958105090009422,"07XPG764":23.093264870123936,"46LRG117":0.1520932509984469,"84ACW127":2.059567467413269,"04FFP172":0.3090337145393344,"09HNF209":0.893896057206631,"06IEM535":0.428458924630454,"85URM259":4.532141652748787,"GCREW002":0.010052175422497097,"25MQT822":0.533578953211466,"03QCN675":0.532556874988572,"60MHI713":0.7780485124237658,"WGC 994 ":1.763019550084201,"42DEQ933":0.02165222002443588,"01BPG871":0.5874234937589784,"81BTY893":0.0,"64EGJ799":0.0,"68YXI150":0.0000018715123571455485,"05AUL618":0.0,"09TIQ056":2.1829890865271626,"26GGR514":0.0,"46GSK240":0.3042769619420872,"48OVF099":0.000009036832166835666,"69DLU958":0.10625442766781712,"23HYO478":4.246630315264868,"46MJD223":0.00016158097310643645,"49VCH486":0.0,"84GRX394":0.00003965007340908051,"80AQU414":0.000003655970762483776,"00ISZ443":1.4219834024849685,"64WZF837":0.47582588265988648,"63YER507":0.013840408242914828,"62YGF988":0.0,"00AHA936":0.5414762735853079,"23VZP306":0.6986630685273496,"87RGU586":1.8079707821261729,"82XYZ359":4.242710431991307,"04GAK334":0.5372715875585555,"60KUO316":4.416665168223807,"81BIR964":0.6265175411814818,"43GRX992":0.0,"86VBI866":0.002374188577893657,"05OZT080":4.365927234328501,"24FIH323":0.0,"68NBP816":0.07207747337235364,"02PMO214":0.031265014242053749,"83WZD723":0.000004023019898682833,"42DOK345":0.04088151598468913,"02DKJ886":7.875120394164696e-7,"64TNE746":1.2350897493123406,"42RYQ849":0.3748787679125403,"KCE 392 ":0.24568017025606057,"24XWR740":0.4360567494248782,"67ERO204":1.481840525277349,"80GXU341":0.05929248905205494,"22HHA618":0.49148622963397289,"85OFV841":0.004834724610714242,"83DBS050":0.9548508511735004,"04HCC093":0.0,"85SXY770":0.004813911278142595,"08GIN922":0.0,"07RVP556":0.000008839333757758142,"COV 520 ":1.4629654291946257,"04FXL872":0.07876073613460599,"FARM8986":0.36712299927581379,"40TOH291":1.3310658899084265,"48ZSA984":0.011280082491575744,"63UXV940":1.7267153861222509,"43EFD626":2.8317352672492626,"61XDB718":0.10493419148798938,"63KGG421":0.0,"07OXQ789":0.005546303413968536,"44IKA084":0.4925225345191736,"63YOV821":1.6440534381971892,"88ZKZ060":0.0202295229997281,"80PNZ862":0.17312360295120264,"49TCX171":0.002626414281891659,"84HLG023":0.07027941855406946,"88QUR256":0.000011376384370028974,"65TCO045":7.312721363268794e-7,"69XKG802":0.00005561302162706852,"80AXP614":0.21274313871682394,"44EPC387":0.15343698563639869,"27QAS354":0.0033173894093949348,"25XBW820":0.04159787022294431,"01HRS414":0.8195284544908267,"25SQP869":0.55444465375562,"67LXT036":0.9153811119598884,"80FNV749":0.0034296897048018877,"81XJY193":0.6122203523900048,"66EXN084":1.829005962121865,"68AAV534":0.3571127940752532,"WORK568 ":0.2971923871679541,"20QOL843":1.422799094386222,