{"84XZP277":1.0749144117657046,"WORK568 ":0.2971923871679541,"06UFV815":0.028520038156169697,"66ESW601":0.5864918326784613,"87KBO059":0.8074255888974949,"TRABAJO3":0.4911934836827192,"87RGU586":1.8079707821261729,"48OVF099":0.000009036832166835666,"46KVA871":1.69073630970835,"03MRK342":0.014960289440831637,"28HUM896":0.19287048566584576,"84HFJ772":3.671810936251572,"68NBP816":0.07207747337235364,"80IHB945":0.6278617891209725,"63PUP188":0.41619046074677448,"64WZF837":0.47582588265988648,"60MHI713":0.7780485124237658,"88QUR256":0.000011376384370028974,"06BXH917":0.511247655095101,"GCREW002":0.010052175422497097,"67VIS440":0.00001539098840206862,"04UUN952":0.4053587220193706,"06PES017":1.1386921901488064,"85NMQ698":0.4766408644093915,"29DVH086":1.285621559354625,"49ULD963":0.9311989067628042,"21VOY632":0.318443132820225,"85SUW097":0.09221342763555464,"23BRA703":5.956484692501375,"26DZR155":0.0019296884219404316,"46GSK240":0.3042769619420872,"PNB 133 ":1.6002415478796477,"GCREW001":35.65745399286002,"26GGR514":0.0,"25ZHU881":0.2709016758005,"65HAC936":7.936634178733154,"23VZP306":0.6986630685273496,"20QOL843":1.422799094386222,"45DZX857":0.00010289579258859154,"00WWS587":0.0,"42RYQ849":0.3748787679125403,"60KUO316":4.416665168223807,"28CHQ893":0.02798009023281745,"43VKI985":0.0010915311685502532,"84HGX502":7.284117666178415,"67YSI553":0.00006225695023220032,"22HHA618":0.49148622963397289,"69XKG802":0.00005561302162706852,"84FCT218":0.27492661428029588,"PMR 798 ":0.8553662897221934,"28XXZ138":0.7175698769358001,"24FIH323":0.0,"06IEM535":0.428458924630454,"83KGJ064":0.18375339745095568,"04GAK334":0.5372715875585555,"84AAV870":0.3260713933606167,"09SOO343":0.2005816753502636,"63XCB157":0.4307606405594875,"65UPU102":0.008905360302971675,"07MFO985":6.930240194805851,"83EXW381":0.0,"85WTZ334":0.3127599883530208,"05AUL618":0.0,"07XPG764":23.093264870123936,"01FDV132":0.3271750439367974,"84HLG023":0.07027941855406946,"80AXP614":0.21274313871682394,"87IQF520":3.0161117498694285,"49ZCT896":0.20729156744672554,"62KJH187":0.5478720028846039,"66OXE085":0.03428405955859646,"61ODY318":0.17787996492362058,"21ODJ862":1.9833305679064444,"20RMY020":0.0,"41NUZ027":0.2980143549032111,"05WFI805":0.0,"20THW706":0.25365095067898377,"EET 721 ":1.0479494108808252,"63KGG421":0.0,"46NBO356":0.3187420289550768,"WAL29259":0.4040360063095834,"82PWD469":0.8531330169202598,"04HCC093":0.0,"20KMK301":0.08798651399907108,"04FFP172":0.3090337145393344,"WAL12628":8.339644373842477,"FARM8986":0.36712299927581379,"67LXT036":0.9153811119598884,"81BTY893":0.0,"01BPG871":0.5874234937589784,"06PKP067":0.0,"03QCN675":0.532556874988572,"24XWR740":0.4360567494248782,"20NOW862":0.9171199034026925,"08VOA858":0.10644547282260844,"20JJD778":0.0,"40YFP728":0.2033348753999547,"RHL 123 ":2.5615575774718568,"01HRS414":0.8195284544908267,"27QAS354":0.0033173894093949348,"01SSE127":0.2088631898798376,"47HRU366":0.0,"65RPG484":0.0,"60BWG593":0.5592913258963889,"WAL35565":0.3283109229163431,"06XVJ822":1.3265046650144586,"02PMO214":0.031265014242053749,"24LTV854":0.5545433927646424,"42DEQ933":0.02165222002443588,"01DWU915":0.019966274205621336,"68ZUP637":0.000008246836384758356,"44PMN527":0.693410357534247,"04FXL872":0.07876073613460599,"47DMO265":0.0000179944928381592,"84GRX394":0.00003965007340908051,"22PXK634":0.00001614798141270876,"80YZV574":0.31297082911085685,"08CQL391":0.0541282285139412,"69DLU958":0.10625442766781712,"27CCG316":0.012423094662297518,"61XDB718":0.10493419148798938,"68TLL202":0.23109507513257089,"00AHA936":0.5414762735853079,"05OZT080":4.365927234328501,"44EPC387":0.15343698563639869,"84VOK250":0.8525070285761959,"FARM3544":2.1368329370805316,"20VBG673":0.0,"47OHA562":0.0,"80GXU341":0.05929248905205494,"68VQZ225":1.0135863767142857,"81ZDV870":0.3858420098617387,"88KKQ746":0.02229797381490188,"09WXF250":0.047801785755975417,"63YOV821":1.6440534381971892,"41WXK504":0.39716055565122296,"46BTE340":0.0,"84JNW608":0.36720384047929058,"87MND120":0.3105400030833662,"80AQU414":0.000003655970762483776,"44WWW899":0.02107525995090232,"62BDS162":0.9683202888443596,"83JFJ401":1.9170981934390808,"83GFX487":0.0,"WGC 994 ":1.763019550084201,"28NQQ936":0.11066441199627192,"84TVX100":0.2176334661446548,"83DBS050":0.9548508511735004,"02IAA251":0.0,"WAL60377":1.192764733205593,"84ACW127":2.059567467413269,"09TIQ056":2.1829890865271626,"WAL24383":0.04753329027180187,"41VQV952":0.009119968089731408,"41XBP109":0.21222456268022669,"43GLP495":0.6383580822347263,"43EFD626":2.8317352672492626,"25GDR917":0.21053906311694169,"49TCX171":0.002626414281891659,"03JDK550":0.007814400267809628,"63UXV940":1.7267153861222509,"66PLF798":0.5860510775424271,"80PNZ862":0.17312360295120264,"23HYO478":4.246630315264868,"23NBV342":0.03203683075067072,"TUMADRE ":0.09604088839567832,"08GIN922":0.0,"02XUA434":0.0,"07NAG432":0.0,"69LIY696":13.610198455909984,"68LJX051":0.455961130533426,"00QNT166":3.329067197925075,"42DOK345":0.04088151598468913,"26MQK854":2.759412640535693,"45WHC558":0.4795360930078795,"20KYE725":0.05125465750167332,"45VMH398":0.00004809004120901227,"87JWS366":0.24952815610758784,"22NDN967":0.010169806666955349,"60GHC803":1.4908751313182769,"66SJY129":0.2614529150024335,"03APK213":0.02195023139122221,"05AOA347":0.15206987476245729,"41MZI659":0.05228120345268815,"46VPG220":0.3702714320641106,"62YGF988":0.0,"05UHQ135":0.2692565354473395,"24ILU876":0.0301810421947455,"40TOH291":1.3310658899084265,"25AHL305":1.212827595508357,"44JWO811":0.0,"COV 520 ":1.4629654291946257,"01ZCA013":2.5572026053712184,"68THV753":0.018040167550653228,"49VCH486":0.0,"FARM3352":0.09900878637167428,"48XEW467":0.3731905971076636,"67ERO204":1.481840525277349,"08XCE276":0.0,"64QQU207":0.7225105504611005,"64EGJ799":0.0,"21HMN858":0.8690662004903149,"88WHH475":0.00002018185475841165,"01HUD527":0.0000022311994079500437,"47LEF363":0.0000221941184643656,"63YER507":0.013840408242914828,"43GRX992":0.0,"68AAV534":0.3571127940752532,"83EGD717":0.00002541559154307472,"25MQT822":0.533578953211466,"86VBI866":0.002374188577893657,"83NOH375":0.5857358321887678,"09HNF209":0.893896057206631}