{"23VZP306":0.6986630685273496,"43VKI985":0.0010915311685502532,"84XZP277":1.0749144117657046,"68TLL202":0.23109507513257089,"07MFO985":6.930240194805851,"04UUN952":0.4053587220193706,"41XBP109":0.21222456268022669,"08CQL391":0.0541282285139412,"87KBO059":0.8074255888974949,"26DZR155":0.0019296884219404316,"01BPG871":0.5874234937589784,"84HLG023":0.07027941855406946,"80AQU414":0.000003655970762483776,"01ZCA013":2.5572026053712184,"RHL 123 ":0.380433082558154,"22HHA618":0.49148622963397289,"65UPU102":0.008905360302971675,"84GRX394":0.00003965007340908051,"87JWS366":0.24952815610758784,"61XDB718":0.10493419148798938,"22NDN967":0.010169806666955349,"41NUZ027":0.2980143549032111,"25AHL305":1.212827595508357,"86VBI866":0.002374188577893657,"41WXK504":0.39716055565122296,"TUMADRE ":0.09604088839567832,"05AOA347":0.15206987476245729,"27QAS354":0.0033173894093949348,"63YER507":0.013840408242914828,"66SJY129":0.2614529150024335,"80PNZ862":0.17312360295120264,"03JDK550":0.007814400267809628,"09SOO343":0.2005816753502636,"84ACW127":2.059567467413269,"84VOK250":0.8525070285761959,"42DOK345":0.04088151598468913,"60KUO316":4.416665168223807,"27CCG316":0.012423094662297518}