{"62BAV214":0.0,"84UHK562":0.5372537062387491,"40FNK135":0.0,"01MAU548":0.32388744295333296,"26OEQ583":0.0,"06MGN797":0.0,"28YWH646":0.0,"47GNR712":0.1985104472913011,"28LSR848":0.01482424180292711,"42OJH621":1.1499924609851089,"63OIE652":0.25273770950929816,"08TIV356":2.185080273351841,"46MJB922":0.021663408010737404,"06XRT610":0.0,"22BYQ776":0.1480932848348467,"87SRT570":0.0,"45DJU974":0.0,"28OZU602":1.072878281482481,"80UAY072":0.0,"46KUL510":0.0,"20IPU259":2.5067764533327416,"MVD 174 ":5.641234515104036,"24OAE267":0.0,"49QPL676":2.890432965467052,"80UPJ972":0.0,"20TVW284":5.147295694308866,"21PIX336":0.0,"21ICV604":0.0,"49CPC229":6.3991799672545179,"89RQT277":1.373133594321344,"00IXH998":0.005750167286527343,"86HLW187":0.0,"02VFU707":0.0,"89DKA169":0.0,"02JGI550":1.565657666636288,"60FFP069":0.3059362400651814,"25KPW606":0.5436179262931906,"GCREW001":22.88909294020356,"40FVU508":0.0,"87JTL233":0.0,"01FDV132":0.0,"08RNX750":0.0,"41DLF810":0.009788716769857093,"69LEG523":0.0,"09VYS801":0.0,"42QQS456":0.0,"07DRS133":5.845906681391486,"08SKZ498":0.0,"03NOK781":0.8635820384478149,"87CCE715":0.0,"22ESF065":0.03391805323431499,"84PDW579":0.0,"25WWH706":0.002799001525204628,"26YMY170":0.11157547728396589,"81PSY454":0.00920257275670767,"HCA 671 ":3.3385741841847897,"80OKX055":2.787559039413655,"65OWI548":0.0,"60PRO476":0.0,"89JMS812":0.0,"01AOU666":3.277005372592126,"00YUQ308":0.00003629349840804936,"45ORX036":0.02198120218161307,"63NRC731":0.0,"27DRT614":1.3125512268831752,"80UQG267":1.0630601391475248,"86RPD120":0.0,"48QWZ880":0.0,"48RIN046":0.0,"82OUX746":1.707430613735459,"QPM 096 ":13.026436490566605,"04ADZ193":0.4428883924550414,"82GXQ779":0.0,"04JSP349":0.0000019843945679749604,"65WDS559":0.0,"87VEA391":0.0,"40IMZ539":0.0,"86YBM370":0.0,"49MDL782":0.0,"65BUI858":0.0,"83AVW288":0.0,"45HMD455":0.0,"02HOS150":0.009820900615744297,"49WCI644":0.5748780496485837,"88ITK067":0.2586484000654146,"07YGD403":0.92474372816222,"00SDV870":5.809535728767514e-7,"09YVL835":0.0,"60URK932":0.07681426697453857,"86HRB353":0.0,"64AMS463":0.0,"40NTQ660":0.000005755080064292997,"46HWF142":0.0,"40WYP231":0.2425099505651969,"84ZGE690":0.2642156662796715,"24NKA244":0.0,"61TRH937":0.0,"41ZFT604":2.1621524509987317,"83NOJ674":0.0,"25WOW945":0.0,"64NQO793":0.12387350303221874,"62VAT368":0.01402667993895337,"43PWL543":0.6214417814788876,"01YFB541":0.0,"23UCS189":0.0,"TCN 325 ":2.667773796488472,"68QEA263":0.5251687144022139,"09FZJ717":0.033310581789573388,"65FWD847":0.37763157387107595,"60CXP369":0.0,"00WMY559":0.0,"26IUX372":0.39894262463062898,"64FJF758":0.0006937635732404885,"88OJO579":0.0,"07XHX793":0.0,"05DOY517":0.0,"84WPE542":0.0,"23PND880":0.4038907440887857,"64CAQ719":0.8637826969317058,"60ION272":0.4708413788676951,"87KAR854":1.0058442008173108,"40PNB097":0.0012703999528214338,"66GIV285":0.0,"23SYQ607":0.36276883683692426,"62DHF378":0.0,"47LLC593":1.4215890686665305,"24KIW779":0.015853850614333525,"46JOA741":0.0,"60FYB883":0.0,"40OZT406":0.0,"84VXT144":0.0,"26PXT769":0.0,"AMO 229 ":1.8671865249630964,"69AQR777":0.0,"04WEX411":0.0,"68NLK061":0.0,"45HET648":1.072077176749538,"86FXA604":8.67123524574257,"62DXV029":1.293447231418056,"89ERL538":0.0,"22ZKT497":0.0,"06PAW250":0.0,"88PLW551":0.002450792468567379,"09YWI793":1.162231595073516,"00JMQ559":0.0,"24VDD860":0.0,"61IUU202":0.24326062089465548,"08OHJ847":0.0,"66BPM325":0.0,"64KEI259":0.0,"29LKX498":0.8978877814816194,"67XYI840":0.0,"07WZC106":0.468223722028295,"64OPT506":2.764336168739064,"84WRL880":0.0,"62RVN931":0.0,"44UMU266":0.0,"63KNV499":0.2783789877332771,"47AGD496":0.0,"65FPL611":0.00002588174905814232,"23NYI246":0.06020031910111712,"88KUH252":0.012436294507831337,"86NAC764":0.0,"04SKI890":0.20096551553852153,"KDZ 444 ":3.0579999530462085,"65BSS669":0.6436001908879796,"RHL 123 ":5.888497419779516,"87FMO969":0.0,"86DPX288":0.0,"68PFX558":6.222356138846485,"89AYV836":9.920169543474914e-7,"83XEU703":0.0,"63MVN941":0.0,"TTT 935 ":0.3918652637667303,"05STN782":2.283641358698469,"29FAB881":0.4412512963898162,"44LRM855":0.19378814041146265,"00JBC316":0.0,"28UFD004":0.0,"69RRF166":0.0,"26NMB756":0.0,"62DUY063":0.0,"82GHO935":1.9612463917980212,"00YZW843":0.0,"IOQ 272 ":1.8499935406462409,"62ANM953":5.44075069301747,"44NNE712":0.0,"29KWF512":0.00003012752562761307,"23BVS458":0.0,"00LXS148":0.0,"82YWS887":0.0096523945464883,"80WBF420":0.0,"25XAI561":0.0,"84HUZ101":0.02508047760688888,"67XXN393":0.0,"69FYX311":0.0,"85BCQ675":0.000029637847278267144,"69VNY996":0.0,"41XSN974":0.005387657943220809,"02WEE451":0.05982627658510211,"09MBQ129":0.6055740883145706,"67PMO878":0.0,"00UUB651":0.0,"86ZNF254":0.10511912537713168,"49RFU037":0.0,"22UGD282":1.981482655425266,"67PPW720":0.0,"46JJM705":0.3301706848312603,"44BCO216":0.0,"66SBX027":0.000005909343626350165,"27BYL412":3.509983909755694,"47QCP041":0.0,"WUZ 515 ":3.715579891923413,"87PRK263":1.5830127737522176,"04KIE783":0.6829019291764508,"07WCM047":0.6130927654105093,"05DSG173":0.0,"HMH 603 ":0.41547892794931337,"29MXL980":0.0,"81TBF852":0.0,"41GPR756":0.0,"63UXV940":0.0,"86GUA043":0.0,"46AWB709":0.0,"88VDC338":0.851327746496849,"09TTE980":0.6074322241918905,"03SWT919":0.31979480399017426,"JIF 071 ":0.406194925983557,"48SGL333":0.0,"64UYV622":0.0,"45KOE817":0.0,"60SPV393":7.03272904965291,"05DTN111":8.593120058514853,"26FSO890":0.0,"24MNM760":0.0,"68ETL259":0.6098897535007218,"49HMX584":0.0,"67JWK156":0.000003165863351896405,"82BXS319":0.0,"24MPE733":0.0,"24DNF280":0.06414033679121734,"84CSM782":0.11044357825593744,"HTR 408 ":3.151215055360031,"65HAC936":0.0,"89KEJ728":0.0,"28NGM489":3.651394601049704,"87GIP914":0.0316519350697249,"08BZO054":1.02340404558391,"29EDX471":0.0,"EYT 295 ":1.292022318543402,"63TZM306":0.302438382985376,"00YTV641":0.0,"64QGB982":0.0,"89MVS075":6.7013271037928139,"23OSR489":1.5269246842661318,"86XCJ675":0.0,"07KGZ660":3.039202476732759,"61DGO931":1.78099083560221,"47JQI420":0.4446034398062607,"03NZA737":0.09860045397111028,"86RSK254":0.1719256161971241,"85VKM852":0.0,"48OUP463":0.0,"03HOT267":0.0,"04EMM786":0.0,"40JRS556":1.9787497340419092,"43WNN528":1.0571574797614612,"42POE303":0.022674074064016338,"23QZJ747":0.0,"89IRU857":0.18032317405878937,"41GKP254":0.0,"26GGR514":0.0,"43WPW436":0.0,"04YSS925":6.204712817676014,"61XYS335":0.0,"60MKG836":2.4201124362034625,"40FWL732":0.1814430880527956,"65NEY933":0.08941497763045787,"06LFK930":0.16864546572749768,"06FOA548":2.436043244255918,"67FQZ957":0.0,"24NFG392":0.060721141755279147,"01TOL400":0.0,"41XZB211":0.0,"82WUZ423":0.0,"06LTC910":0.0,"89YFG805":0.09217091302172678,"64HPZ737":0.0,"03UFF760":0.0,"00JCU204":0.0,"YFZ 776 ":18.21140415271405,"65XAK141":8.072932377776889,"87SHU147":0.014504105259077626,"43HPT060":0.0,"63PAP774":0.0,"01JZT719":0.000002337787192318493,"ISQ 432 ":0.600340806876369,"45AAW584":0.0,"64GBC095":0.5199892646777411,"41HQR319":0.0,"09ZJI708":1.7520227725980553,"CLT 740 ":2.198341851773911,"00QUN603":0.000007511338046751916,"21CWX110":7.555514993146061e-7,"25BEV654":0.03196247068697122,"63GSR920":1.379345001299361,"40HAM655":0.0,"05PJE695":0.28446103336550018,"41OII950":0.0000054701797384768729,"62WOU082":0.0,"60HIL183":0.0,"64QGV081":0.000010119505237787965,"63MTJ674":0.0,"02TVM369":0.0,"83MVV350":0.06810403669773643,"66JYZ265":0.0,"00COX090":3.1546503024090688,"86UQH634":0.0,"61OBN068":0.0,"87UWP790":0.0,"66MIM709":0.0,"44GIL906":0.0,"02KLF344":0.011465188844698485,"49ZXJ855":0.466261454560434,"05MAN838":0.0,"21JZY245":1.6882474533054784,"29BXL851":0.0,"64OMS024":0.001008989327855408,"27PQY682":4.4699459312973579,"07RDY866":0.4017416997066054,"28NYE375":6.531229059428307,"06UUM195":0.4876851012936884,"49LQL777":0.0,"27ORQ038":0.0,"86YAW822":0.11881829796945068,"82IKB130":0.10613749372583628,"61XKE701":0.8728095513631907,"05KTF314":0.0,"27CAA334":0.2360965520377121,"04LYB557":0.3363448708862365,"63ZFR168":0.04171537715744597,"SBS 371 ":0.7273053735682461,"UCW 514 ":0.5705946855967746,"87PSU048":0.4123622500042773,"OVC 889 ":15.26835078322578,"24YQT223":4.931077228923155,