{"63JUM132":0.0,"03ZZD924":0.0,"87LMJ630":0.0,"01LTT784":0.6652187996137492,"02QBV785":0.0,"47BFI500":0.0,"02BZF863":0.0,"84MOY660":0.0,"08ITS275":0.0,"86QTX005":8.545753505370476,"80FIC203":1.174163690860386,"42UGQ997":6.899616714020051,"69SGV152":0.0,"02MVE738":0.0,"45RZV628":0.0,"81LBX046":0.0,"85SAK974":0.0,"49KPL114":0.0,"06HWD543":0.0,"88RKL516":0.0,"42WUG035":1.9428377933614909,"09MBV436":0.0,"86XOO594":0.0,"45PUI244":0.0,"24MSJ011":35.42016914313781,"66ZCJ536":0.0,"01MZE440":0.0,"05HDO503":0.0,"47ZIB102":0.0,"84EGE268":0.0,"21AJM054":0.0,"47OYQ126":6.6950658259481738,"06COO963":0.5042421246655527,"09MMJ779":0.0,"43HBV515":0.0,"RHL 123 ":3.7536172037922297,"26HSK529":3.8832641600787114,"61LEY674":0.8168358617626502,"45CXC200":0.2555808382729593,"69VWF188":9.537316807067354,"66XCD465":1.218977559344689,"44BUH844":0.0,"84CPZ587":0.0,"69QZP930":1.181032435662288,"69BVN431":0.0,"09HRF424":0.0,"07POM138":4.100501230061427,"25GKK129":0.0,"62FVB061":0.0,"82CLQ328":0.0,"63SKX872":0.0,"83HIO806":0.0,"81DZQ434":0.0,"86PIZ010":7.117817496868557,"68CJN647":0.07215761314096576,"YFZ 776 ":20.781293716461226,"03WSO683":0.0,"86ELN779":0.0,"26OSK159":0.4752824874364101,"28SDH944":1.028330074275555,"41JII719":0.0,"26IOS911":0.0,"83PRR199":3.618379638278902,"40VBC882":0.0,"89BWH180":1.165137051466245,"83PTY864":0.0,"40VUI334":0.0,"28JVJ513":0.0,"22KID416":0.0,"62VDQ336":1.814843609310246,"49LEY312":0.0,"25IHW576":0.0,"62EQH243":0.0,"46IUA776":0.0,"88WWQ407":0.0,"43TKW802":0.0,"26OFH706":0.0,"23ADF851":3.496152835270298,"68NOK465":0.0,"88NBS011":0.0,"64VYF276":0.0,"05KNF389":0.6029258210815102,"44PMN527":0.0,"45ITT996":0.0,"29MXL980":0.0,"00EUN374":0.0,"83HFG164":0.845812110766942,"24XNH093":0.0,"45ZUI415":0.0,"09QDU294":0.0,"62NBJ924":0.0,"09SXZ008":0.0,"61NSY322":0.0,"27GOY744":0.6781662586297935,"64NWR815":0.692904623529833,"04JOV262":3.430850218878199,"47JRW440":0.0,"40BRG604":0.0,"24MSE907":0.0,"69SLL232":0.0,"47JXE945":0.064876640440749,"40CMW995":5.015497179759856,"05GKM021":0.0,"27SMO435":0.0,"68HOY387":0.0,"84BCH601":4.358284994583639,"27KTC073":0.0,"43VKL790":0.0,"69SMS382":9.86366693369684,"08CSC580":0.0,"80QDS633":5.9784464906374,"43KPY965":0.0,"29NXI859":0.08428394289305806,"83FOB273":0.0,"29RSO271":0.45316566448927306,"66RWS961":0.0,"05RAH209":0.0,"00PLX655":0.0,"82ZLC700":0.0,"08WIH739":12.97165214790902,"61PAT578":0.0,"46HBZ689":0.0,"43XCY742":0.0,"45MCA163":0.008854879268266262,"05GTZ374":0.0,"60HTS012":0.0,"88HAH858":0.0,"48LUE280":0.0,"44HYW128":0.0,"09YUT216":1.964526963812516,"GUD 704 ":27.698828561402285,"27MMR541":0.0,"24KCM507":0.0,"66OWH780":0.0,"05TWR039":0.0,"41ZVU178":0.0,"81SDU339":0.0,"03DDF294":0.0,"41HKM998":0.0,"06VJD328":0.0,"04STM253":0.0,"63XBS471":0.0,"47AEI949":0.0,"47KSR997":0.0,"48FSO341":0.0,"22OMO815":0.0,"20HYA211":0.0,"25AJG163":1.2119719194664696,"WQG 874 ":3.003122227460779,"04OIH520":0.0,"88SUV218":10.69734224997037,"86AEF196":0.0,"87KHP351":0.0,"25KFV084":0.0,"21QEH085":0.04485506448072056,"25TOQ132":0.0,"45BSS609":0.0,"45JLC154":0.0,"TIS 405 ":6.923576081309946,"05WVQ880":0.0,"88DWQ837":2.460105490392353,"22QDZ117":0.0,"63HNJ226":0.7726216643477334,"09YVN136":0.0,"27XYO418":0.0,"04UBN372":0.5418137420537567,"KHO 453 ":0.740939501121823,"89UGH285":0.0,"07YKY556":0.0,"01WDQ631":0.0,"41VAT305":0.0,"43HGM634":0.0,"02GOR319":0.0,"20QJY469":2.8349637025720857,"68OZM055":2.319065859178391,"08TYR162":0.0,"04NSE516":0.0,"46HJA781":0.0,"81AZE251":0.0,"69ULO579":1.464135107888672,"69RDO429":0.0,"64CAQ719":0.0,"60GKO585":0.0,"68PYY207":1.978835575107369,"83MOB803":0.0,"66OWO457":0.0,"07EHP118":0.0,"42APP219":0.0,"06CRL952":0.2145505970966528,"08BNP545":0.0,"02BLT734":1.4190055072123645,"25PTG902":0.4975272202229355,"84UQS360":0.0,"60HLK216":0.0,"65XSE573":0.0,"46DGH790":0.0,"46HYM285":0.0,"84PCO208":0.0,"20GCT195":0.0,"24CHB720":0.0,"CLT 740 ":4.699043573308683,"EYT 295 ":2.520701904157752,"42GCS348":0.0,"85GIR213":0.0,"AMO 229 ":0.02748601326867913,"05CFM297":0.0,"25NPI889":0.0,"22EIC549":0.0,"21IWY474":0.0,"62HTU583":5.01009970978097,"89XZS697":0.910463379351972,"63OSW023":0.0,"83WSJ287":0.0,"23BMG724":0.0,"44SPC279":0.0,"67QSW381":0.0,"40QWB959":0.0,"00NNC834":0.0,"04XXG770":0.0,"01ECU404":0.0,"09SOO343":0.0,"01HUD527":0.0,"88RAJ984":0.6042328406475029,"60OXR299":0.0,"22HYO919":0.0,"66UGF496":1.6714762943791948,"07HYW602":0.0,"05OSG202":0.0,"20KDX260":0.0,"09SAZ472":0.12155215027047128,"48ZPZ266":0.000007290465049445629,"22KJS996":0.0,"46OEP917":10.260629350834832,"63UBG298":0.0,"84GLV446":0.0,"68YPZ777":0.0,"40VUQ545":0.0,"05HTQ358":0.0,"63MEZ380":0.0,"87AVS956":2.760864974271535,"81YMY555":0.0,"01HFQ760":0.0,"80GQV056":2.36784399903631,"87AZL910":0.0,"20DHO740":7.2789312715671878,"40PBL896":0.0,"XUB 880 ":9.452421176449289,"65MWA333":2.846124956217497,"66FMK937":0.0,"63WJB544":0.0,"43XEQ594":0.0,"64ANE423":1.2275829896226556,"48CFI106":1.893313879345424,"28WQR314":9.164161532379048,"69WDG752":0.0,"27MAU392":0.0000023308718372136356,"05HME570":0.0,"25ZPA459":0.0,"44VIO372":0.0,"28QZA508":0.0,"69SCC687":0.0,"46BLY651":0.0,"84ASZ772":1.2438894795741769,"85KJA947":0.012454063241355113,"26NLN474":0.0,"68DZM826":0.0,"49QDZ738":1.722908468295041,"65CWZ333":0.0,"23YSC269":0.0,"89RRA558":0.0,"08MBW778":0.0,"44EPB333":0.0,"84AAV870":0.0,"06JXY738":0.0,"24ZGP206":1.8295328377959764,"09WRI000":0.9956719482509469,"64CZD824":0.0,"46AAY865":0.008310381678208709,"22SPE008":0.0,"43KXN049":0.0,"28JTB342":0.9529293623626474,"85MTE344":0.0,"86GVJ819":0.0,"82RKD016":0.0,"05DXD303":0.2543963874721612,"22SZC986":0.0,"65GLD155":4.942938747087404,"04BJU480":0.0,"29IWN698":0.0,"85NEA184":0.0,"03LXN309":0.0,"00MUZ746":0.0,"89HGB132":0.0,"61DKZ202":0.0,"44DPF241":0.0,"49NAJ387":0.0,"67HYU902":0.0,"QLJ 242 ":3.047971206201998,"85MRA088":0.7853142065960294,"81KHD554":0.0,"63FSP482":0.0,"80PFN355":0.0,"04KVQ191":6.1846792888482249,"43ZKU043":0.0,"24FLI151":0.0,"87SYI612":5.282149212018084,"47XHF263":0.0,"08HNM606":0.0,"08THY408":0.0,"67DXC070":0.0,"63ETM687":0.0,"26NBJ940":0.0,"84OKR161":0.0,"22XFD726":1.0452201474573149,"60WOZ086":0.0,"86UOD673":0.0,"29LYT972":0.0,"07PKQ876":0.0,"65YVF301":0.598334370442059,"07KET382":0.0,"23UKW201":0.0,"TTT 935 ":1.4587026233352152,"49NOQ215":0.0,"84EMM957":0.0,"IOQ 272 ":19.16049260183744,"82XBA287":0.0,"27DIP819":0.449486784874275,"81HBU649":0.0,"89CHH277":0.0,"60ADD386":0.0,"ISQ 432 ":8.944120254510933,"80QUD559":0.44949966533427579,"88YER624":7.50148072561507,"46SWP556":0.0,"44BIW277":0.0,"63XWE905":0.014448905398473145,"84TMP323":0.0,"64KWC891":0.0,"69ZEJ550":0.0,"69OOH501":0.0,"25CQP699":0.0,"67YPV148":0.0,"28ZLZ784":0.0,"42XFF875":0.0,"HTR 408 ":20.13397114623229,"28XRW980":0.0,"86FDV992":0.7456274586608991,"06ZYC674":0.834230450421082,"23ZKZ306":0.6244295190432412,"05NGQ672":0.0,"21BFP365":0.0,"67QAL741":0.19040077351472896,"20VKM278":0.0,"67FQE517":0.0,"60MIF561":0.0,"42RPH413":0.3442200411711816,"42RGC184":0.0,"07ITL654":0.0,"08LBT063":0.0,"66BYZ678":0.0,"02XTS153":0.3613932868490966,"09HXC674":0.0,"05BDU786":0.0,"64TQF237":0.0,"84DAE791":0.2856462898767594,"60MDO429":0.0,"01WOA066":0.0,"44QQW208":0.0,"68OKD864":0.0,"83QQC002":0.0,"24KJR964":0.0,"29IZV430":0.0,"67QZO983":0.0,"48IYG022":4.075364263671593,"40TWO969":0.0,"44GCN409":4.150012099786252,"UCW 514 ":18.1690512630677,"28WVN395":0.6110275912719332,"46TBO242":0.0,"23RSB639":0.0,"24KNM927":2.966530149349866,"28PUP842":0.526929112647805,"46WQV460":0.0,"63KQB932":0.0,"61IVM793":0.0,"82TBJ324":0.0,"69JQI276":0.0,"89LXJ421":0.0,"80JTQ816":0.0,"44HYU829":0.0,"84WGA188":0.7580735376610693,"21LXO399":0.23442700018227492,"07XEU086":0.0,"40XNA238":9.917699704921116,"21ITQ711":0.0,"65CQL189":0.0,"64SOB604":5.904080276106924,"62FIV205":0.0,"81OOO875":2.936818227111327,"88CAF141":0.0,"66RPB082":0.0,"20IEH985":0.0,"67KJQ211":4.675207939855892,"63YXY497":0.0,"65DPU331":0.0,"41NAC149":0.0,"03NBU880":0.0,"88UWP252":0.0,"24YES612":0.0,"09TPT410":0.0,"64EUN487":7.571465538473257,"27TFZ839":0.0,"23JZP277":0.0,"42MMP887":0.0,"06YGL414":0.0,"41RIX599":0.0,