{"66VLW784":0.0,"04DKC958":0.0,"83CON317":1.4975776456887234,"61ZTK179":2.81850279374106,"48FOD093":2.4785723272468505,"07BKJ737":0.0,"88EXS568":0.0,"46MXM012":1.0628183637128282,"48CJY498":5.693565679921529,"22CTO384":0.0,"64EEO032":0.0,"06VQP545":0.0,"07IOR670":0.0,"09TTE980":0.0,"82CZX952":0.0,"83IRR789":0.0,"62AKN820":0.0,"67IAA635":0.3672101797777152,"20WHH417":0.0,"09ZPN101":0.0,"42HJP159":4.147599702515056,"45FRJ582":0.0,"45WDM340":0.0,"23OKC972":0.0,"68INE897":0.7052785799025499,"65VBE109":0.0,"69VJG707":0.008838559756636619,"01JYZ681":0.0,"61YLV798":13.276980327295649,"63CMF712":0.0,"UCW 514 ":20.337550187697258,"44XMB585":3.1172133248744364,"88ONB961":0.0,"64CWU491":0.0,"89UZO185":0.869947102658537,"04LKO129":0.0,"04TRO411":4.669092239573123,"62FWN702":0.0,"41MSK340":0.0,"43DEM331":2.8366388843777989,"03QOX232":0.0,"45WHC558":0.0,"67UPN265":0.2323159289614124,"68TJH167":1.2105451489889168,"26OUO356":0.0,"08GKK878":3.141850304121799,"46WED963":0.0,"87JUL215":0.0,"63LBY013":0.3723056562113693,"NAO 405 ":9.967500367569047,"26JIM443":0.0,"66GHO400":2.532820053363747,"44RAT346":0.4752745099256129,"61ZFY108":0.0,"64OSV336":1.8069122504743589,"04MJR804":0.0,"47OOJ935":1.4055747245640725,"21MCO866":0.0,"01HLV161":6.892077966938329,"26JUW001":0.0,"02AZG820":0.0,"KHO 453 ":38.56988830315451,"29MBT535":1.2479721630551613,"04IEO636":0.0,"06YZN519":0.0,"22JYD556":0.0,"03CXA600":0.0,"01FUN874":0.2218243052806247,"00NAF553":0.0,"63QNP860":0.0,"45VBB793":0.0,"IOQ 272 ":6.921327842163539,"HTR 408 ":19.07906489722754,"44BUB196":0.0,"07CDV490":0.0,"20DPU916":4.833687167935076,"40TLZ868":0.0,"25LUC634":6.652892048835164,"42FJH944":0.0,"GDK 427 ":7.230659322377303,"85OIF769":1.9335051067488565,"83WZD723":0.0,"64CQO584":4.495957336715828,"TIS 405 ":39.57503333904264,"22TYH971":0.0,"87BBG264":0.0,"05ZVD000":3.797696106327909,"08QJH641":0.0,"82JQC974":0.0,"88SQW273":0.0,"09SNT896":0.957774459861387,"63GLU890":0.0,"03HKC549":0.0,"43DMU138":0.0,"25OSJ617":1.5573656586142216,"81YSY151":0.0,"87VRD753":1.35033081472841,"45AFP248":0.4817227676669032,"41YHR155":0.0,"47SCW775":0.0,"67HBX832":0.0,"88ZIK375":0.0,"RHL 123 ":11.523472638439755,"05VBI318":0.0,"JHD 522 ":0.026521247894715554,"44KAN846":0.0,"08USP037":0.0,"44NEY483":0.816685717529968,"KDZ 444 ":28.899515101078828,"04KQI885":0.0,"43UNJ548":13.029986162466797,"47KQH353":0.0,"08JVB303":0.0,"00QNQ473":0.0,"85UJT940":0.0,"89IED977":0.04439162209238953,"08JNT525":0.0,"84OXO156":0.0,"44CBY980":1.1342125023271657,"63FOT064":0.0,"60HIG388":0.0,"05FGE720":0.0,"23SSG645":0.0,"42XLL543":0.0,"87FJH569":0.0,"88MVT537":0.1150729517060787,"46FOF182":0.0,"61WLS320":0.0,"48ODB997":1.9202473183809104,"05ETH140":0.0,"07RZK313":0.0,"43VFU846":0.0,"43TNV276":2.0921451973578377,"28GJQ988":0.0,"42PXP040":0.0,"88ZAU988":0.0,"44OTH054":0.8647891775722509,"80EWS207":0.0,"64RZD695":0.0,"66KUL884":3.9715700734586489,"68VME005":0.8337972312001446,"49DEX171":0.6827307163316422,"83DAV755":3.854929558721742,"22OKB410":0.0,"80WQT277":4.036811610654032,"48UTZ570":1.4767518222493324,"67MRT834":1.626169401778594,"68ZXT606":2.921750150357517,"43LDW975":5.683552773412571,"40GXE986":0.2888957746902611,"03KPW365":0.0,"65LRR521":0.0,"83NMC176":1.4842638366197319,"09IPA068":0.0,"48AWH889":0.0,"64WUK956":0.0,"29DTE710":2.218168517643094,"24OEX511":0.8474998547655015,"05CYS751":0.0,"42XWT889":0.0,"42XGU401":0.0,"21RMA838":1.4477496735349185,"20UNC534":0.13718242550906688,"86SRV330":0.0,"80ZHO355":0.8561413657537743,"06SGI466":0.0,"87INO401":1.553050085885492,"61HPX428":0.0,"25YRH590":1.711574895324702,"47TIY956":12.355664015752606,"65UOF126":6.488509318059953,"48RVV066":6.720646764669154,"23DSU055":0.0,"47MGR644":0.0,"06CMZ776":0.0,"65HSM988":0.10892186361557996,"20YVK890":0.12929178000976686,"23HMG918":0.0,"09MCN324":0.0,"89NEP552":0.0,"41LWH039":0.0,"44NHV349":0.0,"20UIC139":0.0,"AMO 229 ":2.056272479432188,"83TIZ019":0.0,"86QDX065":0.0,"64XLP353":0.0,"24CON808":0.0,"02UWH026":5.398518366936342,"28PGZ410":1.2735143342014484,"47FUR662":4.496533461181768,"20YSJ962":0.0,"20EDG286":0.0,"89JJR155":0.03415341092162092,"25SGQ272":2.990508566743479,"66APM988":0.0,"08ZKZ522":0.5450353845336735,"25AFH038":0.0,"61GRB585":0.0,"02WDL136":1.121404758183491,"69WGM084":5.629401230389159,"88NUD424":0.0,"46AHU343":1.5038539833752294,"02FUJ332":0.0,"20BLV883":0.0,"47AXV160":0.0,"67LWY695":0.5738670455437525,"46QLE693":0.0,"45ECS288":0.0,"62HKK445":0.0,"84XVQ925":0.0,"60DYM664":3.3696094894449217,"23TNV236":0.0,"63VEN093":5.606085422339482,"24CWN477":0.0,"20IPX515":0.0,"62XKC677":0.0,"02UNU324":0.1820114901436783,"29AFS229":1.73261872907676,"87QNP208":0.0,"05YGK939":0.0,"01ZXS578":0.0,"24KYG062":0.0,"80IDJ758":0.0,"02HHU408":0.0,"06NZW165":0.0,"80VLY859":8.528476079610034,"65AGH933":2.642194489981838,"80PVX041":0.0,"82UDB952":0.0,"63UKL390":0.0,"85HAN340":0.0,"80SJP725":0.0,"62FTC155":0.0,"84UVA905":0.961580613561352,"40AUO905":0.0,"40PHQ217":0.0,"05HTT163":0.0,"68KRF728":0.0,"66RQX010":0.0,"29ACU463":0.0,"62RLR766":0.5088369536148677,"64FSP954":2.820530746484656,"69DGF576":2.198370568422116,"26UHM670":0.0,"00OZT510":4.08488737414774,"21OMU025":0.0,"41OMT220":2.078098291010818,"63MPQ999":0.0,"ISQ 432 ":7.141247758357654,"29XSD695":0.0,"46XDG678":0.077608825043343,"40WDP423":0.0,"69TWO200":0.0,"86WDY226":0.0,"24DWQ714":2.844511017060712,"41FPM943":0.0,"85ZKF659":0.5639657420097402,"82KZO773":0.0,"87QKQ175":0.0,"06QAW697":0.0,"60CEP367":0.0,"27WJW350":0.0,"23VQH070":0.0,"25UAW398":0.0,"08PXW036":4.15688868206524,"46ZYE375":0.0,"07KKS635":0.0,"20WZB749":1.001055852272013,"48YMP776":1.1693612575126689,"82BJY877":0.0,"29CZY474":3.0513486241844345,"64PLD047":0.0,"49FCN225":0.3732243111446135,"27ALX620":4.8210657556489899,"22DVB487":0.0,"87JWS366":0.008006096382156013,"28ROA717":0.0,"EYT 295 ":7.622665643158137,"04FFP172":0.0,"83SJL133":3.40639513582825,"81BSH460":0.42193040951002,"26ZEN907":0.0,"87CTO767":4.745871191440955,"66XGW728":0.012607502444433696,"07SXB307":3.0121376218624578,"02LLB872":0.0,"48JNV774":0.0,"07DEV053":0.23305606393144843,"09QAQ095":2.7768109277089354,"49OKX697":0.0,"29TQH991":0.0,"64ZWL218":2.544823162994895,"26EXT630":2.5326136965060397,"65KUQ191":0.008896473345306239,"69AWK736":0.0,"25ZPW498":0.004816193085435904,"85FHH458":0.2973752643504323,"86RBO049":0.0,"43FIU964":0.0,"42VHO469":0.0,"03AUN392":0.0,"66BYZ678":0.0,"26UHU741":0.0,"05YLS505":0.0,"41JWB889":0.0,"86AGI642":0.0,"42AYW548":2.722403899847766,"00QEG913":1.1285134724270488,"67HIK408":0.0,"87NBY222":0.0,"62ROD548":0.0,"81HKX163":2.299424252090703,"42POH118":0.526790741464284,"43VVY491":0.0,"24BMH286":0.0,"00RJA992":0.0,"66GGC269":0.0,"83ETI179":0.0,"09BED305":0.0,"25PDG136":0.0,"04RKI380":0.11555148358337578,"88YSI795":0.3800412525440455,"PME 747 ":2.8771462456209169,"85YHZ980":0.0,"47CYL696":0.0,"29YLI103":0.02137195099795238,"22DQO347":0.0,"46KBD193":0.0,"84CGV040":0.0,"42XJD988":0.0,"67HRA477":0.0,"89SDL153":0.0,"40MKM986":0.0,"86DPA983":4.494004731224056,"07MNG535":0.0,"26XWU099":0.0,"25OAH874":0.0,"01UOO215":0.0,"44KYI301":1.6067327570339057,"82FSU898":1.74367756015332,"21QNX823":0.0,"66CDR083":0.0,"09IOW724":5.066309419159255,"66DPU873":0.0,"23RTP121":0.0225079229803998,"00IDG228":0.0,"45WFS244":0.0,"44LAX590":0.0,"42CCB485":0.0,"00VTH379":0.7417568948150635,"45YMT571":0.0,"61IES061":0.0,"84ADT903":1.8114688384635685,"61SHZ778":0.4856700565571241,"87JJV727":0.6488761881017101,"62VGZ375":0.0,"64BDL132":0.0,"21WOI276":0.0,"09LNY026":0.0,"67ZUL820":0.0,"85FTE944":0.0}